name,wmc,dit,noc,cbo,rfc,lcom,ca,ce,npm,lcom3,loc,dam,moa,mfa,cam,ic,cbm,amc,is_Bug,version
com.ichi2.anki.dialogs.e1,2,0,0,4,4,0,1,4,2,0.0000,15,1.0000,1,0.0000,0.6250,0,0,6.0000,0,2.9
com.ichi2.anki.dialogs.e0,2,0,0,4,4,0,1,4,2,0.0000,21,1.0000,1,0.0000,0.6000,0,0,8.5000,0,2.9
com.ichi2.preferences.CustomDialogPreference,2,0,0,11,16,0,0,11,2,0.0000,96,1.0000,0,0.0000,0.6000,0,0,46.5000,0,2.9
com.ichi2.anki.dialogs.d1,2,0,0,4,4,0,1,4,2,0.0000,15,1.0000,1,0.0000,0.6250,0,0,6.0000,0,2.9
com.ichi2.anki.dialogs.d0,2,0,0,4,4,0,1,4,2,0.0000,15,1.0000,1,0.0000,0.6250,0,0,6.0000,0,2.9
com.ichi2.libanki.Exporter,2,0,1,3,3,0,2,1,2,0.0000,22,1.0000,1,0.0000,0.8333,0,0,9.0000,0,2.9
com.ichi2.anki.multimediacard.fields.FieldControllerBase,5,0,4,8,6,10,4,4,5,1.0000,28,1.0000,3,0.0000,0.3600,0,0,3.8000,0,2.9
com.ichi2.anki.multimediacard.fields.IFieldController,9,0,0,13,9,36,8,6,9,2.0000,9,0.0000,0,0.0000,0.2361,0,0,0.0000,0,2.9
com.ichi2.anki.Manifest,1,0,0,0,2,0,0,0,1,2.0000,4,0.0000,0,0.0000,1.0000,0,0,3.0000,0,2.9
com.ichi2.utils.DiffEngine,5,0,0,7,18,8,1,6,4,0.7500,164,1.0000,0,0.0000,0.6000,0,0,31.6000,0,2.9
com.ichi2.libanki.AnkiExporter,8,0,1,19,84,16,1,18,5,0.8980,779,0.4286,1,0.0000,0.3036,0,0,95.5000,0,2.9
com.ichi2.widget.AnkiDroidWidgetSmall,10,0,0,14,28,41,0,14,5,0.8889,95,1.0000,0,0.0000,0.2222,0,0,8.3000,0,2.9
com.ichi2.anki.dialogs.c0,2,0,0,4,4,0,1,4,2,0.0000,21,1.0000,1,0.0000,0.6000,0,0,8.5000,0,2.9
com.ichi2.libanki.Stats,26,0,0,24,125,75,2,22,19,0.6844,5497,0.9259,1,0.0000,0.1603,0,0,209.3846,0,2.9
com.ichi2.anki.multimediacard.IMultimediaEditableNote,4,0,0,8,4,6,7,1,4,2.0000,4,0.0000,0,0.0000,0.5833,0,0,0.0000,0,2.9
com.ichi2.anki.MyAccount,18,0,0,38,67,139,4,38,6,0.8353,386,0.8000,0,0.0000,0.2083,0,0,19.8889,0,2.9
com.ichi2.libanki.importer.AnkiPackageImporter,3,0,0,13,52,1,1,12,2,0.5000,353,1.0000,0,0.0000,0.6667,0,0,116.0000,0,2.9
com.ichi2.anki.dialogs.c1,2,0,0,4,4,0,1,4,2,0.0000,15,1.0000,1,0.0000,0.6250,0,0,6.0000,0,2.9
com.ichi2.libanki.AnkiPackageExporter,9,0,0,15,58,36,1,14,5,2.0000,355,0.0000,0,0.0000,0.3492,0,0,38.4444,0,2.9
com.ichi2.utils.a,2,0,0,5,4,0,1,5,2,0.0000,21,1.0000,0,0.0000,0.6000,0,0,8.5000,0,2.9
com.ichi2.anki.api.BasicModel,2,0,0,1,3,1,1,0,0,1.0000,42,0.0000,0,0.0000,1.0000,0,0,18.0000,0,2.9
com.ichi2.utils.FileUtil,2,0,0,5,9,1,1,4,2,2.0000,24,0.0000,0,0.0000,0.5000,0,0,11.0000,0,2.9
com.ichi2.anki.dialogs.b1,2,0,0,4,4,0,1,4,2,0.0000,15,1.0000,1,0.0000,0.6250,0,0,6.0000,0,2.9
com.ichi2.anki.dialogs.b0,2,0,0,4,4,0,1,4,2,0.0000,15,1.0000,1,0.0000,0.6250,0,0,6.0000,0,2.9
com.ichi2.anki.analytics.AnkiDroidCrashReportDialog,6,0,0,26,48,9,0,26,3,0.7333,179,1.0000,0,0.0000,0.5000,0,0,28.3333,0,2.9
com.ichi2.utils.Permissions,6,0,0,8,8,15,6,2,4,2.0000,33,0.0000,0,0.0000,0.3889,0,0,4.5000,0,2.9
com.ichi2.anki.dialogs.a1,2,0,0,4,4,0,1,4,2,0.0000,15,1.0000,1,0.0000,0.6250,0,0,6.0000,0,2.9
com.ichi2.anki.dialogs.a0,2,0,0,4,4,0,1,4,2,0.0000,15,1.0000,1,0.0000,0.6250,0,0,6.0000,0,2.9
com.ichi2.anki.multimediacard.impl.MultimediaEditableNote,10,0,0,4,18,37,2,2,8,0.8056,111,1.0000,0,0.0000,0.3750,0,0,9.7000,0,2.9
com.ichi2.utils.Threads,7,0,0,6,18,21,1,5,6,2.0000,69,0.0000,0,0.0000,0.1429,0,0,8.8571,0,2.9
com.ichi2.anki.Lookup,12,0,0,15,50,44,1,14,5,0.9510,456,1.0000,0,0.0000,0.2167,0,0,35.9167,0,2.9
com.ichi2.anki.multimediacard.language.LanguageListerBase,4,0,2,5,12,0,4,1,3,0.0000,45,1.0000,0,0.0000,0.7500,0,0,10.0000,0,2.9
com.ichi2.anki.dialogs.DeckPickerAnalyticsOptInDialog,6,0,0,22,28,15,3,22,6,2.0000,79,0.0000,0,0.0000,0.3333,0,0,12.1667,0,2.9
com.ichi2.widget.WidgetStatus,6,0,0,18,15,13,9,9,3,0.9000,60,1.0000,0,0.0000,0.4000,0,0,8.6667,0,2.9
com.ichi2.anki.stats.ChartView,7,0,0,12,22,17,1,11,6,0.8333,105,1.0000,0,0.0000,0.3469,0,0,13.5714,0,2.9
com.ichi2.anki.multimediacard.language.LanguageListerBeolingus,1,0,0,2,5,0,1,1,1,2.0000,36,0.0000,0,0.0000,1.0000,0,0,35.0000,0,2.9
com.ichi2.anki.multimediacard.fields.IControllerFactory,1,0,0,4,1,0,2,2,1,2.0000,1,0.0000,0,0.0000,1.0000,0,0,0.0000,0,2.9
com.ichi2.anki.x1,2,0,0,1,4,0,1,1,2,0.0000,13,1.0000,1,0.0000,0.7500,0,0,5.0000,0,2.9
com.ichi2.ui.AppCompatPreferenceActivity,17,0,3,14,42,136,3,11,10,0.0625,125,1.0000,0,0.0000,0.2132,0,0,6.2941,0,2.9
com.ichi2.anki.x0,2,0,0,1,4,0,1,1,2,0.0000,13,1.0000,1,0.0000,0.7500,0,0,5.0000,0,2.9
com.ichi2.anki.multimediacard.fields.IField,17,0,0,18,17,136,16,2,17,2.0000,17,0.0000,0,0.0000,0.3059,0,0,0.0000,0,2.9
com.ichi2.anki.api.AddContentApi,33,0,0,23,100,360,0,23,24,0.8945,1017,0.7500,0,0.0000,0.1823,0,0,29.5758,0,2.9
com.ichi2.anki.y0,2,0,0,1,4,0,1,1,2,0.0000,13,1.0000,1,0.0000,0.7500,0,0,5.0000,0,2.9
com.ichi2.anki.y1,2,0,0,4,4,0,1,4,2,0.0000,15,1.0000,1,0.0000,0.6250,0,0,6.0000,0,2.9
com.ichi2.anki.z0,2,0,0,1,4,0,1,1,2,0.0000,13,1.0000,1,0.0000,0.7500,0,0,5.0000,0,2.9
com.ichi2.anki.z1,2,0,0,1,4,0,1,1,2,0.0000,13,1.0000,1,0.0000,0.7500,0,0,5.0000,0,2.9
com.ichi2.async.DeckTask,56,0,0,48,279,68,12,37,10,0.9856,3815,0.1395,2,0.0000,0.1702,0,0,66.3571,0,2.9
com.ichi2.anki.BuildConfig,1,0,0,0,2,0,0,0,1,2.0000,11,0.0000,0,0.0000,1.0000,0,0,3.0000,0,2.9
com.ichi2.anki.dialogs.j,2,0,0,4,4,0,1,4,2,0.0000,15,1.0000,1,0.0000,0.6250,0,0,6.0000,0,2.9
com.ichi2.anki.dialogs.k,2,0,0,4,4,0,1,4,2,0.0000,17,1.0000,1,0.0000,0.5833,0,0,7.0000,0,2.9
com.ichi2.anki.dialogs.l,2,0,0,4,4,0,1,4,2,0.0000,15,1.0000,1,0.0000,0.6250,0,0,6.0000,0,2.9
com.ichi2.anki.dialogs.m,2,0,0,4,4,0,1,4,2,0.0000,15,1.0000,1,0.0000,0.6250,0,0,6.0000,0,2.9
com.ichi2.anki.dialogs.n,2,0,0,4,4,0,1,4,2,0.0000,15,1.0000,1,0.0000,0.6250,0,0,6.0000,0,2.9
com.ichi2.anki.dialogs.o,2,0,0,4,4,0,1,4,2,0.0000,15,1.0000,1,0.0000,0.6250,0,0,6.0000,0,2.9
com.ichi2.anki.dialogs.p,2,0,0,4,4,0,1,4,2,0.0000,15,1.0000,1,0.0000,0.6250,0,0,6.0000,0,2.9
com.ichi2.anki.dialogs.q,2,0,0,4,4,0,1,4,2,0.0000,15,1.0000,1,0.0000,0.6250,0,0,6.0000,0,2.9
com.ichi2.anki.dialogs.b,2,0,0,3,4,0,1,3,2,0.0000,15,1.0000,1,0.0000,0.6250,0,0,6.0000,0,2.9
com.ichi2.anki.dialogs.c,2,0,0,4,4,0,1,4,2,0.0000,21,1.0000,1,0.0000,0.6000,0,0,8.5000,0,2.9
com.ichi2.anki.dialogs.ExportDialog,10,0,0,17,40,27,1,16,6,0.6111,186,1.0000,0,0.0000,0.2500,0,0,17.2000,0,2.9
com.ichi2.anki.dialogs.ModelBrowserContextMenu,3,0,0,12,18,1,1,11,3,1.2500,76,0.2500,0,0.0000,0.4167,0,0,23.0000,0,2.9
com.ichi2.anki.dialogs.d,2,0,0,2,4,0,1,2,2,0.0000,14,1.0000,1,0.0000,0.6667,0,0,5.5000,0,2.9
com.ichi2.anki.dialogs.e,2,0,0,4,4,0,1,4,2,0.0000,15,1.0000,1,0.0000,0.6250,0,0,6.0000,0,2.9
com.ichi2.anki.dialogs.f,2,0,0,4,4,0,1,4,2,0.0000,15,1.0000,1,0.0000,0.6250,0,0,6.0000,0,2.9
com.ichi2.anki.dialogs.g,2,0,0,5,4,0,1,5,2,0.0000,39,1.0000,1,0.0000,0.5625,0,0,16.0000,0,2.9
com.ichi2.anki.dialogs.h,2,0,0,4,4,0,1,4,2,0.0000,15,1.0000,1,0.0000,0.6250,0,0,6.0000,0,2.9
com.ichi2.anki.dialogs.i,2,0,0,4,4,0,1,4,2,0.0000,15,1.0000,1,0.0000,0.6250,0,0,6.0000,0,2.9
com.ichi2.libanki.hooks.Hook,5,0,3,8,10,4,8,0,5,0.5000,70,1.0000,0,0.0000,0.6000,0,0,12.8000,0,2.9
com.ichi2.anki.multimediacard.beolingus.parsing.BeolingusParser,4,0,0,2,15,2,1,1,3,0.6667,104,1.0000,0,0.0000,0.5000,0,0,24.5000,0,2.9
com.ichi2.anki.dialogs.z,2,0,0,4,4,0,1,4,2,0.0000,15,1.0000,1,0.0000,0.6250,0,0,6.0000,0,2.9
com.ichi2.utils.FunctionalInterfaces,1,0,0,0,2,0,0,0,1,2.0000,4,0.0000,0,0.0000,1.0000,0,0,3.0000,0,2.9
com.ichi2.anki.multimediacard.fields.BasicImageFieldController,16,0,0,44,105,88,3,43,9,0.8667,676,1.0000,0,0.0000,0.2344,0,0,40.7500,0,2.9
com.ichi2.anki.t0,2,0,0,1,4,0,1,1,2,0.0000,13,1.0000,1,0.0000,0.7500,0,0,5.0000,0,2.9
com.ichi2.anki.t1,2,0,0,3,4,0,1,3,2,0.0000,14,1.0000,1,0.0000,0.6667,0,0,5.5000,0,2.9
com.ichi2.anki.dialogs.r,2,0,0,4,4,0,1,4,2,0.0000,17,1.0000,1,0.0000,0.5833,0,0,7.0000,0,2.9
com.ichi2.anki.dialogs.s,2,0,0,4,4,0,1,4,2,0.0000,15,1.0000,1,0.0000,0.6250,0,0,6.0000,0,2.9
com.ichi2.anki.dialogs.t,2,0,0,4,4,0,1,4,2,0.0000,15,1.0000,1,0.0000,0.6250,0,0,6.0000,0,2.9
com.ichi2.anki.dialogs.u,2,0,0,4,4,0,1,4,2,0.0000,15,1.0000,1,0.0000,0.6250,0,0,6.0000,0,2.9
com.ichi2.anki.dialogs.v,2,0,0,4,4,0,1,4,2,0.0000,15,1.0000,1,0.0000,0.6250,0,0,6.0000,0,2.9
com.ichi2.anki.dialogs.w,2,0,0,4,4,0,1,4,2,0.0000,15,1.0000,1,0.0000,0.6250,0,0,6.0000,0,2.9
com.ichi2.anki.dialogs.x,2,0,0,3,4,0,1,3,2,0.0000,14,1.0000,1,0.0000,0.6667,0,0,5.5000,0,2.9
com.ichi2.anki.dialogs.y,2,0,0,3,4,0,1,3,2,0.0000,14,1.0000,1,0.0000,0.6667,0,0,5.5000,0,2.9
com.ichi2.anki.widgets.FabBehavior,7,0,0,10,20,21,0,10,6,0.8333,108,1.0000,0,0.0000,0.4762,0,0,14.2857,0,2.9
com.ichi2.libanki.DB,24,0,0,45,84,132,27,18,20,0.7174,837,1.0000,0,0.0000,0.2000,0,0,33.7083,0,2.9
com.ichi2.anki.u0,2,0,0,4,4,0,1,4,2,0.0000,17,1.0000,1,0.0000,0.5833,0,0,7.0000,0,2.9
com.ichi2.anki.u1,2,0,0,4,4,0,1,4,2,0.0000,15,1.0000,1,0.0000,0.6250,0,0,6.0000,0,2.9
com.ichi2.anki.dialogs.a,2,0,0,2,4,0,1,2,2,0.0000,14,1.0000,1,0.0000,0.6667,0,0,5.5000,0,2.9
com.ichi2.anki.Reviewer,32,0,0,65,195,432,3,65,9,0.9032,1730,1.0000,0,0.0000,0.1224,0,0,52.8438,0,2.9
com.ichi2.anki.multimediacard.AudioView,25,0,0,15,42,198,1,14,9,0.8155,331,1.0000,0,0.0000,0.1733,0,0,11.6800,0,2.9
com.ichi2.anki.multimediacard.language.LanguagesListerGlosbe,3,0,0,2,13,3,1,1,2,1.0000,155,1.0000,0,0.0000,0.5000,0,0,50.3333,0,2.9
com.ichi2.anki.dialogs.ImportDialog,14,0,0,27,60,91,7,26,12,1.0769,346,0.0000,0,0.0000,0.2143,0,0,23.4286,0,2.9
com.ichi2.libanki.Collection,146,0,0,117,434,8417,86,60,120,0.9404,6218,0.9643,6,0.0000,0.0807,0,0,41.3973,0,2.9
com.ichi2.anki.v0,2,0,0,1,4,0,1,1,2,0.0000,13,1.0000,1,0.0000,0.7500,0,0,5.0000,0,2.9
com.ichi2.anki.v1,2,0,0,5,4,0,1,5,2,0.0000,21,1.0000,1,0.0000,0.6000,0,0,8.5000,0,2.9
com.ichi2.compat.customtabs.ServiceConnection,3,0,0,5,8,0,1,4,3,0.0000,34,1.0000,0,0.0000,0.5833,0,0,10.0000,0,2.9
com.ichi2.anki.dialogs.SyncErrorDialog,23,0,0,28,69,253,14,27,21,1.0455,512,0.0000,0,0.0000,0.3768,0,0,20.8696,0,2.9
com.ichi2.libanki.importer.NoteImporter,3,0,1,3,4,3,1,2,3,2.0000,12,0.0000,0,0.0000,0.5556,0,0,3.0000,0,2.9
com.ichi2.anki.servicelayer.NoteService,6,0,0,16,51,15,1,15,5,2.0000,296,0.0000,0,0.0000,0.2619,0,0,48.3333,0,2.9
com.ichi2.anki.w0,2,0,0,4,4,0,1,4,2,0.0000,15,1.0000,1,0.0000,0.6250,0,0,6.0000,0,2.9
com.ichi2.anki.analytics.AcraAnalyticsInteraction,3,0,0,8,11,3,0,8,3,2.0000,33,0.0000,0,0.0000,0.5833,0,0,10.0000,0,2.9
com.ichi2.anki.w1,2,0,0,3,4,0,1,3,2,0.0000,15,1.0000,1,0.0000,0.6250,0,0,6.0000,0,2.9
com.ichi2.anki.multimediacard.fields.FieldBase,3,0,3,4,4,0,4,0,1,0.0000,17,1.0000,0,0.0000,1.0000,0,0,4.3333,0,2.9
com.ichi2.anki.FlashCardsContract,2,0,0,1,4,1,0,1,0,1.6667,12,0.0000,0,0.0000,1.0000,0,0,3.5000,0,2.9
com.ichi2.anki.NavigationDrawerActivity,24,0,5,49,105,182,10,43,10,0.9365,558,0.7692,0,0.0000,0.1161,0,0,21.7083,0,2.9
com.ichi2.libanki.hooks.HintFilter,2,0,0,3,5,1,1,3,2,2.0000,13,0.0000,0,0.0000,0.7500,0,0,5.5000,0,2.9
com.ichi2.anki.stats.StatsMetaInfo,37,0,0,3,38,598,2,1,37,0.9599,208,0.0000,0,0.0000,0.2124,0,0,4.1351,0,2.9
com.ichi2.anki.DeckPicker,118,0,0,155,481,6649,25,154,71,0.9877,3689,0.8780,1,0.0000,0.0843,0,0,29.9153,0,2.9
com.ichi2.libanki.CardStats,2,0,0,6,23,1,0,6,2,2.0000,151,0.0000,0,0.0000,0.5000,0,0,74.5000,0,2.9
com.ichi2.anki.widgets.DeckAdapter,18,0,0,27,73,75,1,26,15,0.8291,677,1.0000,1,0.0000,0.1587,0,0,35.4444,0,2.9
com.ichi2.anki.dialogs.DeckPickerExportCompleteDialog,11,0,0,21,44,55,5,20,11,2.0000,171,0.0000,0,0.0000,0.4182,0,0,14.5455,0,2.9
com.ichi2.compat.customtabs.KeepAliveService,3,0,0,4,5,1,0,4,2,0.5000,14,1.0000,0,0.0000,0.7500,0,0,3.3333,0,2.9
com.ichi2.anki.receiver.SdCardReceiver,2,0,0,6,13,1,0,6,2,2.0000,64,0.0000,0,0.0000,0.6667,0,0,30.0000,0,2.9
com.ichi2.anim.ViewAnimation,3,0,0,7,12,3,1,6,3,1.5000,177,0.0000,0,0.0000,0.5000,0,0,55.3333,0,2.9
com.ichi2.anki.multimediacard.fields.ImageField,21,0,0,11,37,200,2,9,18,0.9375,166,0.7500,0,0.0000,0.2460,0,0,6.7143,0,2.9
com.ichi2.libanki.hooks.ChessFilter,6,0,0,4,24,13,2,3,4,0.8000,141,1.0000,0,0.0000,0.3200,0,0,22.0000,0,2.9
com.ichi2.compat.Compat,24,0,0,43,24,276,33,12,24,1.0435,26,0.0000,0,0.0000,0.1188,0,0,0.0000,0,2.9
com.ichi2.libanki.importer.Importer,7,0,2,11,13,15,4,7,4,0.9697,72,1.0000,3,0.0000,0.3571,0,0,7.7143,0,2.9
com.ichi2.anki.dialogs.CardBrowserContextMenu,3,0,0,11,25,1,0,11,3,1.3333,144,0.3333,0,0.0000,0.4000,0,0,45.0000,0,2.9
com.ichi2.anki.runtimetools.TaskOperations,2,0,0,4,5,1,2,2,2,2.0000,16,0.0000,0,0.0000,0.5000,0,0,7.0000,0,2.9
com.ichi2.anki.multimediacard.fields.BasicAudioClipFieldController,7,0,0,29,60,19,2,28,7,0.9444,377,1.0000,0,0.0000,0.2857,0,0,52.4286,0,2.9
com.ichi2.libanki.sync.Tls12SocketFactory,11,0,0,8,40,0,2,6,8,0.3000,205,1.0000,0,0.0000,0.3125,0,0,17.4545,0,2.9
com.ichi2.libanki.Storage,13,0,0,19,83,78,7,13,4,1.0833,993,0.0000,0,0.0000,0.1875,0,0,75.3077,0,2.9
com.ichi2.anki.ModelFieldEditor,38,0,0,53,133,409,11,53,16,0.7796,1095,1.0000,2,0.0000,0.1128,0,0,27.4737,0,2.9
com.ichi2.themes.StyledProgressDialog,9,0,0,9,21,36,1,8,8,1.0000,73,1.0000,0,0.0000,0.3519,0,0,7.0000,0,2.9
com.ichi2.libanki.hooks.FuriganaFilters,6,0,0,5,16,9,1,5,2,0.8000,61,1.0000,0,0.0000,0.3500,0,0,8.8333,0,2.9
com.ichi2.utils.MethodLogger,4,0,0,2,14,6,0,2,2,2.0000,104,0.0000,0,0.0000,0.3750,0,0,25.0000,0,2.9
com.ichi2.ui.SeekBarPreference,10,0,0,14,42,0,1,13,6,0.7556,329,1.0000,0,0.0000,0.2444,0,0,30.9000,0,2.9
com.ichi2.libanki.hooks.ExternalHookLoader,4,0,0,6,25,4,0,6,2,1.0000,165,1.0000,0,0.0000,0.4500,0,0,39.2500,0,2.9
com.ichi2.libanki.Card,72,0,0,28,147,2096,13,18,70,0.9181,1368,0.7576,2,0.0000,0.1761,0,0,17.5417,0,2.9
com.ichi2.anki.dialogs.TagsDialog,17,0,0,50,110,72,8,48,11,0.8906,636,0.8500,0,0.0000,0.1333,0,0,35.2353,0,2.9
com.ichi2.anki.api.R,1,0,0,0,2,0,0,0,0,2.0000,4,0.0000,0,0.0000,1.0000,0,0,3.0000,0,2.9
com.ichi2.compat.customtabs.ServiceConnectionCallback,2,0,0,3,2,1,2,1,2,2.0000,2,0.0000,0,0.0000,0.7500,0,0,0.0000,0,2.9
com.ichi2.anki.CardTemplateEditor,17,0,0,32,79,82,1,32,9,0.8688,404,1.0000,1,0.0000,0.1765,0,0,22.1765,0,2.9
com.ichi2.anki.multimediacard.fields.i,2,0,0,3,4,0,1,3,2,0.0000,20,1.0000,2,0.0000,0.6667,0,0,8.0000,0,2.9
com.ichi2.anki.stats.OverviewStatsBuilder,9,0,0,14,51,0,0,14,2,0.9231,1099,1.0000,1,0.0000,0.2333,0,0,119.6667,0,2.9
com.ichi2.anki.multimediacard.fields.a,2,0,0,3,4,0,1,3,2,0.0000,14,1.0000,1,0.0000,0.6667,0,0,5.5000,0,2.9
com.ichi2.anki.multimediacard.fields.b,2,0,0,3,4,0,1,3,2,0.0000,14,1.0000,1,0.0000,0.6667,0,0,5.5000,0,2.9
com.ichi2.anki.api.BuildConfig,1,0,0,0,2,0,0,0,1,2.0000,11,0.0000,0,0.0000,1.0000,0,0,3.0000,0,2.9
com.ichi2.anki.multimediacard.fields.c,2,0,0,4,4,0,1,4,2,0.0000,20,1.0000,1,0.0000,0.6250,0,0,8.0000,0,2.9
com.ichi2.anki.multimediacard.fields.d,2,0,0,3,4,0,1,3,2,0.0000,14,1.0000,1,0.0000,0.6667,0,0,5.5000,0,2.9
com.ichi2.anki.multimediacard.fields.e,2,0,0,3,4,0,1,3,2,0.0000,14,1.0000,1,0.0000,0.6667,0,0,5.5000,0,2.9
com.ichi2.anki.multimediacard.fields.f,2,0,0,3,4,0,1,3,2,0.0000,14,1.0000,1,0.0000,0.6667,0,0,5.5000,0,2.9
com.ichi2.anki.multimediacard.fields.g,2,0,0,3,4,0,1,3,2,0.0000,21,1.0000,1,0.0000,0.6000,0,0,8.5000,0,2.9
com.ichi2.anki.multimediacard.fields.h,2,0,0,3,4,0,1,3,2,0.0000,14,1.0000,1,0.0000,0.6667,0,0,5.5000,0,2.9
com.ichi2.utils.BitmapUtil,3,0,0,10,22,3,1,9,3,2.0000,200,0.0000,0,0.0000,0.3333,0,0,65.6667,0,2.9
com.ichi2.libanki.hooks.Hooks,6,0,0,21,43,0,15,13,5,0.5000,309,1.0000,1,0.0000,0.4167,0,0,50.1667,0,2.9
com.ichi2.anki.AnkiFont,10,0,0,12,50,27,4,9,6,0.7500,430,1.0000,0,0.0000,0.3333,0,0,41.2000,0,2.9
com.ichi2.compat.CompatHelper,14,0,0,47,32,89,30,18,10,0.8846,248,1.0000,2,0.0000,0.1786,0,0,16.5714,0,2.9
com.ichi2.libanki.Finder,40,0,0,18,161,560,1,18,19,0.8077,3416,1.0000,1,0.0000,0.2238,0,0,84.3000,0,2.9
com.ichi2.libanki.Models,63,0,0,31,198,1259,16,16,55,0.9153,3534,0.8333,1,0.0000,0.1848,0,0,54.9048,0,2.9
com.ichi2.anki.dialogs.DeckPickerConfirmDeleteDeckDialog,5,0,0,16,29,10,3,16,5,2.0000,83,0.0000,0,0.0000,0.4000,0,0,15.6000,0,2.9
com.ichi2.preferences.NumberRangePreference,13,0,0,9,35,28,1,8,5,0.3750,204,1.0000,0,0.0000,0.3462,0,0,14.5385,0,2.9
com.ichi2.anki.dialogs.SimpleMessageDialog,8,0,0,17,29,28,3,15,8,2.0000,100,0.0000,0,0.0000,0.2917,0,0,11.5000,0,2.9
com.ichi2.anki.multimediacard.glosbe.json.Meaning,5,0,0,1,6,6,1,0,5,0.7500,24,1.0000,0,0.0000,0.7000,0,0,3.4000,0,2.9
com.ichi2.anki.multimediacard.language.a,3,0,0,1,5,3,1,0,1,1.0000,18,0.0000,1,0.0000,0.7500,0,0,4.6667,0,2.9
com.ichi2.anki.exception.MediaSyncException,1,0,0,3,2,0,3,0,1,2.0000,5,0.0000,0,0.0000,1.0000,0,0,4.0000,0,2.9
com.ichi2.anki.CardBrowser,100,0,0,112,379,4480,5,110,12,0.9582,3201,0.9661,2,0.0000,0.0760,0,0,30.4200,0,2.9
com.ichi2.ui.ButtonItemAdapter,12,0,0,13,25,32,1,12,9,0.7576,94,1.0000,0,0.0000,0.2000,0,0,6.5833,0,2.9
com.ichi2.anki.multimediacard.fields.TextField,18,0,0,6,21,139,2,4,18,0.9216,73,0.6667,0,0.0000,0.3000,0,0,2.8889,0,2.9
com.ichi2.anki.PreferenceContext,2,0,0,2,2,1,1,1,2,2.0000,2,0.0000,0,0.0000,0.7500,0,0,0.0000,0,2.9
com.ichi2.libanki.importer.Anki2Importer,24,0,1,22,160,244,1,21,6,0.9022,2670,1.0000,0,0.0000,0.2083,0,0,109.5833,0,2.9
com.ichi2.libanki.sync.a,3,0,0,4,5,3,1,4,1,1.0000,15,0.0000,1,0.0000,0.7500,0,0,3.6667,0,2.9
com.ichi2.libanki.sync.b,2,0,0,2,4,0,1,2,2,0.0000,14,1.0000,1,0.0000,0.6667,0,0,5.5000,0,2.9
com.ichi2.anki.api.NoteInfo,7,0,0,4,16,7,1,3,5,0.4444,95,1.0000,0,0.0000,0.2619,0,0,12.1429,0,2.9
com.ichi2.preferences.StepsPreference,9,0,0,10,35,24,0,10,5,0.6250,252,1.0000,0,0.0000,0.2857,0,0,26.8889,0,2.9
com.ichi2.anki.exception.ConfirmModSchemaException,1,0,0,11,2,0,11,0,1,2.0000,5,1.0000,0,0.0000,1.0000,0,0,3.0000,0,2.9
com.ichi2.anki.exception.ImportExportException,1,0,0,6,2,0,6,0,1,2.0000,5,0.0000,0,0.0000,1.0000,0,0,4.0000,0,2.9
com.ichi2.libanki.Tags,23,0,0,16,97,135,7,10,22,0.6136,896,1.0000,1,0.0000,0.2091,0,0,37.7826,0,2.9
com.ichi2.anki.dialogs.MediaCheckDialog,14,0,0,20,53,91,6,19,14,1.0769,489,0.0000,0,0.0000,0.2857,0,0,33.7857,0,2.9
com.ichi2.anki.IntentHandler,3,0,0,13,33,3,0,13,2,2.0000,151,0.0000,0,0.0000,0.5000,0,0,49.3333,0,2.9
com.ichi2.upgrade.Upgrade,2,0,0,4,6,1,2,3,2,2.0000,24,0.0000,0,0.0000,0.5000,0,0,11.0000,0,2.9
com.ichi2.compat.customtabs.CustomTabActivityHelper,9,0,0,18,22,4,2,16,8,0.6250,171,1.0000,0,0.0000,0.2656,0,0,17.5556,0,2.9
com.ichi2.anki.NoteEditor,89,0,0,99,371,3380,3,99,8,0.9533,3321,0.5870,2,0.0000,0.0649,0,0,35.7978,0,2.9
com.ichi2.anki.multimediacard.fields.BasicControllerFactory,3,0,0,10,10,3,1,9,2,2.0000,48,0.0000,0,0.0000,0.5000,0,0,15.0000,0,2.9
com.ichi2.anki.provider.CardContentProvider,33,0,0,42,211,410,0,42,8,0.9901,4406,1.0000,0,0.0000,0.1788,0,0,131.9394,0,2.9
com.ichi2.anki.a0,2,0,0,4,4,0,1,4,2,0.0000,15,1.0000,1,0.0000,0.6250,0,0,6.0000,0,2.9
com.ichi2.anki.a1,2,0,0,3,4,0,1,3,2,0.0000,14,1.0000,1,0.0000,0.6667,0,0,5.5000,0,2.9
com.ichi2.ui.a,3,0,0,1,5,3,1,1,1,1.0000,14,0.0000,1,0.0000,1.0000,0,0,3.3333,0,2.9
com.ichi2.ui.b,3,0,0,1,5,3,1,1,1,1.0000,14,0.0000,1,0.0000,1.0000,0,0,3.3333,0,2.9
com.ichi2.ui.c,3,0,0,1,5,3,1,0,1,1.0000,18,0.0000,1,0.0000,0.7500,0,0,4.6667,0,2.9
com.ichi2.anki.FieldEditText,10,0,0,8,25,33,1,7,9,0.8611,95,0.7500,0,0.0000,0.3778,0,0,8.1000,0,2.9
com.ichi2.anki.web.HttpFetcher,6,0,0,17,54,15,1,17,5,2.0000,480,0.0000,0,0.0000,0.3333,0,0,79.0000,0,2.9
com.ichi2.anki.a2,2,0,0,5,4,0,1,4,2,0.0000,16,1.0000,0,0.0000,0.6667,0,0,6.5000,0,2.9
com.ichi2.anki.dialogs.IntegerDialog,6,0,0,15,30,13,3,13,6,0.8000,88,1.0000,0,0.0000,0.3095,0,0,13.5000,0,2.9
com.ichi2.anki.b0,2,0,0,3,4,0,1,3,2,0.0000,14,1.0000,1,0.0000,0.6667,0,0,5.5000,0,2.9
com.ichi2.anki.b1,2,0,0,3,4,0,1,3,2,0.0000,14,1.0000,1,0.0000,0.6667,0,0,5.5000,0,2.9
com.ichi2.anki.multimediacard.glosbe.json.Response,11,0,0,1,12,45,1,0,11,0.9000,54,1.0000,0,0.0000,0.4848,0,0,3.4545,0,2.9
com.ichi2.libanki.SchedV2,167,0,0,22,377,6607,1,22,76,0.9164,7818,0.9600,1,0.0000,0.1033,0,0,45.6647,0,2.9
com.ichi2.utils.ImportUtils,7,0,0,22,64,21,3,20,3,2.0000,455,0.0000,0,0.0000,0.2857,0,0,64.0000,0,2.9
com.ichi2.anki.FilteredDeckOptions,15,0,0,30,78,65,0,30,5,0.7857,436,1.0000,1,0.0000,0.1917,0,0,27.6000,0,2.9
com.ichi2.anki.analytics.UsageAnalytics,21,0,0,32,80,166,12,23,12,0.7583,429,0.8333,0,0.0000,0.1111,0,0,19.1429,0,2.9
com.ichi2.anki.multimediacard.b,2,0,0,3,4,0,0,3,2,0.0000,14,1.0000,0,0.0000,0.6667,0,0,5.5000,0,2.9
com.ichi2.anki.multimediacard.a,2,0,0,3,4,0,0,3,2,0.0000,14,1.0000,0,0.0000,0.6667,0,0,5.5000,0,2.9
com.ichi2.anki.stats.AnkiStatsTaskHandler,15,0,0,11,21,79,2,9,10,0.8929,113,1.0000,2,0.0000,0.1587,0,0,6.1333,0,2.9
com.ichi2.anki.Previewer,15,0,0,19,48,55,0,19,1,0.6429,321,1.0000,0,0.0000,0.2400,0,0,20.1333,0,2.9
com.ichi2.libanki.Media,44,0,0,32,182,408,17,16,35,0.8010,2313,0.8889,2,0.0000,0.1395,0,0,51.3636,0,2.9
com.ichi2.libanki.hooks.HebrewFixFilter,8,0,0,5,40,26,2,4,4,0.7143,272,1.0000,0,0.0000,0.2653,0,0,32.8750,0,2.9
com.ichi2.async.CollectionLoader,6,0,0,12,22,13,1,11,1,0.4000,83,1.0000,0,0.0000,0.3095,0,0,12.5000,0,2.9
com.ichi2.utils.VersionUtils,5,0,0,15,19,10,8,7,5,2.0000,150,0.0000,0,0.0000,0.2000,0,0,29.0000,0,2.9
com.ichi2.anki.Info,7,0,0,32,62,19,2,32,5,1.0833,455,0.2500,0,0.0000,0.3429,0,0,63.4286,0,2.9
com.ichi2.preferences.PreferenceExtensions,2,0,0,4,9,1,1,3,2,2.0000,26,0.0000,0,0.0000,0.5000,0,0,12.0000,0,2.9
com.ichi2.widget.AddNoteWidget,4,0,0,8,17,6,0,8,4,2.0000,63,0.0000,0,0.0000,0.5625,0,0,14.7500,0,2.9
com.ichi2.anki.multimediacard.glosbe.json.Tuc,9,0,0,2,10,28,1,1,9,0.8750,44,1.0000,1,0.0000,0.3611,0,0,3.4444,0,2.9
com.ichi2.libanki.sync.Syncer,34,0,0,20,175,0,1,20,13,0.8877,2869,0.7059,2,0.0000,0.1765,0,0,82.8824,0,2.9
com.ichi2.anki.CardUtils,5,0,0,5,21,10,3,2,5,2.0000,100,0.0000,0,0.0000,0.2000,0,0,19.0000,0,2.9
com.ichi2.async.BaseAsyncTask,7,0,2,4,14,21,2,2,1,1.1667,35,1.0000,0,0.0000,0.5000,0,0,3.8571,0,2.9
com.ichi2.anki.multimediacard.fields.BasicAudioRecordingFieldController,7,0,0,16,26,7,2,15,7,0.6667,110,1.0000,1,0.0000,0.2857,0,0,14.4286,0,2.9
com.ichi2.libanki.Consts,1,0,0,0,2,0,0,0,1,2.0000,35,0.0000,0,0.0000,1.0000,0,0,3.0000,0,2.9
com.ichi2.libanki.sync.HttpSyncer,27,0,3,34,127,331,7,30,22,0.9056,1049,0.5455,1,0.0000,0.2000,0,0,37.4444,0,2.9
com.ichi2.libanki.hooks.AdvancedStatistics,9,0,0,21,66,22,2,20,4,1.0603,888,1.0000,0,0.0000,0.2000,0,0,94.4444,0,2.9
com.ichi2.anki.BackupManager,17,0,0,16,80,136,5,11,9,1.0625,766,0.8000,0,0.0000,0.1933,0,0,43.7647,0,2.9
com.ichi2.anki.analytics.AnalyticsDialogFragment,2,0,15,18,5,1,15,3,2,2.0000,10,0.0000,0,0.0000,1.0000,0,0,4.0000,0,2.9
com.ichi2.anki.dialogs.DeckPickerNoSpaceLeftDialog,6,0,0,18,21,15,3,18,6,2.0000,64,0.0000,0,0.0000,0.3333,0,0,9.6667,0,2.9
com.ichi2.async.Connection,22,0,0,36,100,191,11,31,10,0.8393,1274,0.8750,1,0.0000,0.1545,0,0,56.5455,0,2.9
com.ichi2.compat.customtabs.CustomTabsHelper,5,0,0,13,33,10,2,11,3,1.2188,245,0.5000,0,0.0000,0.4000,0,0,46.4000,0,2.9
com.ichi2.libanki.exception.NoSuchDeckException,2,0,0,2,3,0,2,0,2,0.0000,12,1.0000,0,0.0000,0.7500,0,0,4.5000,0,2.9
com.ichi2.anim.ActivityTransitionAnimation,3,0,0,19,5,3,18,1,2,1.0000,66,0.0000,0,0.0000,0.5000,0,0,18.6667,0,2.9
com.ichi2.anki.dialogs.AsyncDialogFragment,5,0,6,13,7,10,9,4,4,2.0000,12,0.0000,0,0.0000,1.0000,0,0,1.4000,0,2.9
com.ichi2.anki.dialogs.z0,2,0,0,4,4,0,1,4,2,0.0000,15,1.0000,1,0.0000,0.6250,0,0,6.0000,0,2.9
com.ichi2.anki.reviewer.ReviewerExtRegistry,2,0,0,4,5,0,1,3,2,0.0000,39,1.0000,1,0.0000,0.6667,0,0,18.0000,0,2.9
com.ichi2.anki.dialogs.y0,2,0,0,4,4,0,1,4,2,0.0000,15,1.0000,1,0.0000,0.6250,0,0,6.0000,0,2.9
com.ichi2.anki.multimediacard.fields.BasicTextFieldController,21,0,0,38,84,132,6,37,12,0.9100,604,1.0000,0,0.0000,0.1991,0,0,27.5238,0,2.9
com.ichi2.anki.DeckOptions,21,0,0,34,110,146,0,34,6,0.8083,681,1.0000,1,0.0000,0.1385,0,0,31.1429,0,2.9
com.ichi2.anki.ModelBrowser,41,0,0,59,154,678,3,59,10,0.8986,1062,0.8889,2,0.0000,0.0991,0,0,24.4634,0,2.9
com.ichi2.ui.SlidingTabStrip,9,0,0,15,40,16,1,14,0,0.8958,442,1.0000,0,0.0000,0.2469,0,0,46.1111,0,2.9
com.ichi2.compat.CompatV15NookHdOrHdPlus,2,0,0,4,4,1,1,3,2,2.0000,8,0.0000,0,0.0000,0.7500,0,0,3.0000,0,2.9
com.ichi2.anki.dialogs.x0,2,0,0,4,4,0,1,4,2,0.0000,15,1.0000,1,0.0000,0.6250,0,0,6.0000,0,2.9
com.ichi2.libanki.hooks.HookPlugin,6,0,0,2,6,15,1,1,6,2.0000,6,0.0000,0,0.0000,0.5000,0,0,0.0000,0,2.9
com.ichi2.anki.stats.ChartBuilder,12,0,0,26,102,0,0,26,5,0.7990,1701,0.9474,2,0.0000,0.2955,0,0,139.1667,0,2.9
com.ichi2.libanki.template.Template,15,0,0,6,61,79,2,4,4,0.7922,903,0.9091,0,0.0000,0.5000,0,0,58.4667,0,2.9
com.ichi2.anki.dialogs.w0,2,0,0,4,4,0,1,4,2,0.0000,15,1.0000,1,0.0000,0.6250,0,0,6.0000,0,2.9
com.ichi2.anki.analytics.a,3,0,0,1,5,3,1,1,1,1.0000,16,0.0000,1,0.0000,0.6667,0,0,4.0000,0,2.9
com.ichi2.anki.analytics.b,3,0,0,3,5,3,1,3,1,1.0000,16,0.0000,1,0.0000,0.6667,0,0,4.0000,0,2.9
com.ichi2.anki.o0,2,0,0,5,4,0,1,5,2,0.0000,27,1.0000,1,0.0000,0.5833,0,0,11.0000,0,2.9
com.ichi2.anki.o1,2,0,0,3,4,0,1,3,2,0.0000,15,1.0000,1,0.0000,0.6250,0,0,6.0000,0,2.9
com.ichi2.anki.multimediacard.glosbe.json.Phrase,5,0,0,2,6,6,2,0,5,0.7500,24,1.0000,0,0.0000,0.7000,0,0,3.4000,0,2.9
com.ichi2.anki.p0,2,0,0,4,4,0,1,4,2,0.0000,15,1.0000,1,0.0000,0.6250,0,0,6.0000,0,2.9
com.ichi2.anki.dialogs.v0,2,0,0,4,4,0,1,4,2,0.0000,15,1.0000,1,0.0000,0.6250,0,0,6.0000,0,2.9
com.ichi2.libanki.sync.CountingFileRequestBody,4,0,0,9,13,0,1,8,4,0.7500,67,1.0000,0,0.0000,0.4000,0,0,14.7500,0,2.9
com.ichi2.anki.api.Basic2Model,2,0,0,1,3,1,1,0,0,1.0000,54,0.0000,0,0.0000,1.0000,0,0,24.0000,0,2.9
com.ichi2.anki.dialogs.DeckPickerBackupNoSpaceLeftDialog,6,0,0,20,25,15,3,20,6,2.0000,80,0.0000,0,0.0000,0.3333,0,0,12.3333,0,2.9
com.ichi2.anki.TtsParser,3,0,0,7,19,3,1,6,2,2.0000,67,0.0000,0,0.0000,0.3333,0,0,21.3333,0,2.9
com.ichi2.anki.p1,2,0,0,5,4,0,1,5,2,0.0000,15,1.0000,0,0.0000,0.6250,0,0,6.0000,0,2.9
com.ichi2.anki.q0,2,0,0,1,4,0,1,1,2,0.0000,13,1.0000,1,0.0000,0.7500,0,0,5.0000,0,2.9
com.ichi2.anki.dialogs.u0,2,0,0,4,4,0,1,4,2,0.0000,15,1.0000,1,0.0000,0.6250,0,0,6.0000,0,2.9
com.ichi2.anki.q1,2,0,0,3,4,0,1,3,2,0.0000,14,1.0000,1,0.0000,0.6667,0,0,5.5000,0,2.9
com.ichi2.libanki.Sched,139,0,1,41,338,3669,23,21,69,0.9038,7487,0.9600,1,0.0000,0.1127,0,0,52.6835,0,2.9
com.ichi2.anki.services.NotificationService,2,0,0,15,30,1,0,15,2,2.0000,123,1.0000,0,0.0000,0.6667,0,0,60.0000,0,2.9
com.ichi2.anki.multimediacard.fields.AudioField,18,0,2,8,33,151,3,5,18,0.9853,126,1.0000,0,0.0000,0.3000,0,0,5.7778,0,2.9
com.ichi2.libanki.sync.RemoteMediaServer,8,0,0,19,52,22,2,18,7,0.1429,421,1.0000,1,0.0000,0.2361,0,0,51.5000,0,2.9
com.ichi2.anki.r0,2,0,0,4,4,0,1,4,2,0.0000,17,1.0000,1,0.0000,0.5833,0,0,7.0000,0,2.9
com.ichi2.anki.dialogs.t0,2,0,0,4,4,0,1,4,2,0.0000,15,1.0000,1,0.0000,0.6250,0,0,6.0000,0,2.9
com.ichi2.anki.r1,2,0,0,3,4,0,1,3,2,0.0000,14,1.0000,1,0.0000,0.6667,0,0,5.5000,0,2.9
com.ichi2.anki.multimediacard.activity.TranslationActivity,25,0,0,40,114,254,1,40,5,0.8878,698,0.8462,1,0.0000,0.1367,0,0,26.4000,0,2.9
com.ichi2.anki.dialogs.r0,2,0,0,4,4,0,1,4,2,0.0000,15,1.0000,1,0.0000,0.6250,0,0,6.0000,0,2.9
com.ichi2.anki.s0,2,0,0,4,4,0,1,4,2,0.0000,15,1.0000,1,0.0000,0.6250,0,0,6.0000,0,2.9
com.ichi2.anki.dialogs.s0,2,0,0,4,4,0,1,4,2,0.0000,21,1.0000,1,0.0000,0.6000,0,0,8.5000,0,2.9
com.ichi2.anki.s1,2,0,0,3,4,0,1,3,2,0.0000,14,1.0000,1,0.0000,0.6667,0,0,5.5000,0,2.9
com.ichi2.anki.dialogs.CustomStudyDialog,16,0,0,46,116,120,4,44,6,1.0667,1010,0.7500,0,0.0000,0.1979,0,0,61.3750,0,2.9
com.ichi2.utils.LanguageUtil,6,0,0,8,20,15,4,5,5,1.0000,254,0.0000,0,0.0000,0.2667,0,0,41.1667,0,2.9
com.ichi2.libanki.importer.TextImporter,4,0,0,2,5,6,0,2,4,2.0000,12,0.0000,0,0.0000,0.4375,0,0,2.0000,0,2.9
com.ichi2.themes.HtmlColors,4,0,0,1,30,2,1,0,3,0.6250,1508,1.0000,0,0.0000,0.5000,0,0,374.0000,0,2.9
com.ichi2.utils.ExifUtil,2,0,0,4,11,1,1,3,2,2.0000,59,0.0000,0,0.0000,0.5000,0,0,28.5000,0,2.9
com.ichi2.anki.dialogs.q0,2,0,0,4,4,0,1,4,2,0.0000,15,1.0000,1,0.0000,0.6250,0,0,6.0000,0,2.9
com.ichi2.anki.k0,2,0,0,3,4,0,1,3,2,0.0000,14,1.0000,1,0.0000,0.6667,0,0,5.5000,0,2.9
com.ichi2.anki.k1,2,0,0,3,4,0,1,3,2,0.0000,20,1.0000,1,0.0000,0.6250,0,0,8.0000,0,2.9
com.ichi2.anki.dialogs.CardBrowserMySearchesDialog,9,0,0,32,65,20,5,31,7,0.8750,298,0.7143,1,0.0000,0.2778,0,0,31.3333,0,2.9
com.ichi2.anki.dialogs.p1,2,0,0,4,4,0,1,4,2,0.0000,15,1.0000,1,0.0000,0.6250,0,0,6.0000,0,2.9
com.ichi2.anki.dialogs.p0,2,0,0,4,4,0,1,4,2,0.0000,15,1.0000,1,0.0000,0.6250,0,0,6.0000,0,2.9
com.ichi2.anki.l0,2,0,0,3,4,0,1,3,2,0.0000,14,1.0000,1,0.0000,0.6667,0,0,5.5000,0,2.9
com.ichi2.anki.l1,2,0,0,5,4,0,1,5,2,0.0000,21,1.0000,1,0.0000,0.6000,0,0,8.5000,0,2.9
com.ichi2.ui.SlidingTabLayout,17,0,0,24,58,66,2,22,9,0.8681,311,1.0000,1,0.0000,0.2092,0,0,16.7647,0,2.9
com.ichi2.anki.AnkiActivity,49,0,8,81,138,1150,35,49,32,0.9740,621,0.5000,2,0.0000,0.1148,0,0,11.5918,0,2.9
com.ichi2.libanki.sync.MediaSyncer,3,0,0,15,62,0,1,15,2,0.1250,729,1.0000,3,0.0000,0.4667,0,0,240.6667,0,2.9
com.ichi2.anki.reviewer.ReviewerExt,1,0,0,2,1,0,2,0,1,2.0000,1,0.0000,0,0.0000,1.0000,0,0,0.0000,0,2.9
com.ichi2.anki.exception.DeckRenameException,2,0,0,3,4,0,2,1,2,1.3333,29,0.3333,0,0.0000,0.6667,0,0,12.0000,0,2.9
com.ichi2.anki.multimediacard.fields.AudioClipField,7,0,0,4,8,21,2,2,7,1.1667,24,1.0000,0,0.0000,0.4286,0,0,2.2857,0,2.9
com.ichi2.anki.dialogs.o0,2,0,0,3,4,0,1,3,2,0.0000,15,1.0000,1,0.0000,0.6250,0,0,6.0000,0,2.9
com.ichi2.anki.m0,2,0,0,4,4,0,1,4,2,0.0000,15,1.0000,1,0.0000,0.6250,0,0,6.0000,0,2.9
com.ichi2.anki.m1,2,0,0,3,4,0,1,3,2,0.0000,14,1.0000,1,0.0000,0.6667,0,0,5.5000,0,2.9
com.ichi2.anki.multimediacard.activity.LoadPronounciationActivity,23,0,0,29,80,187,3,28,5,0.8818,536,0.8000,2,0.0000,0.1636,0,0,21.6522,0,2.9
com.ichi2.anki.dialogs.o1,2,0,0,4,4,0,1,4,2,0.0000,20,1.0000,1,0.0000,0.6250,0,0,8.0000,0,2.9
com.ichi2.anki.widgets.DeckDropDownAdapter,6,0,0,13,21,0,2,11,6,0.4000,180,1.0000,0,0.0000,0.4444,0,0,28.6667,0,2.9
com.ichi2.ui.ConfirmationPreference,6,0,0,6,8,5,3,5,3,0.6000,39,1.0000,0,0.0000,0.3000,0,0,5.1667,0,2.9
com.ichi2.anki.multimediacard.activity.a,2,0,0,3,4,0,1,3,2,0.0000,14,1.0000,1,0.0000,0.6667,0,0,5.5000,0,2.9
com.ichi2.anki.multimediacard.activity.b,3,0,0,3,5,3,1,3,1,1.0000,15,0.0000,1,0.0000,0.7500,0,0,3.6667,0,2.9
com.ichi2.anki.exception.StorageAccessException,2,0,0,3,4,1,3,0,2,2.0000,9,0.0000,0,0.0000,0.7500,0,0,3.5000,0,2.9
com.ichi2.anki.multimediacard.activity.c,2,0,0,4,4,0,1,4,2,0.0000,20,1.0000,1,0.0000,0.6250,0,0,8.0000,0,2.9
com.ichi2.anki.n0,2,0,0,5,4,0,1,5,2,0.0000,21,1.0000,1,0.0000,0.6000,0,0,8.5000,0,2.9
com.ichi2.anki.n1,2,0,0,5,4,0,1,5,2,0.0000,15,1.0000,0,0.0000,0.6250,0,0,6.0000,0,2.9
com.ichi2.anki.exception.UnknownHttpResponseException,2,0,0,7,4,0,7,0,2,0.0000,14,1.0000,0,0.0000,0.6667,0,0,5.5000,0,2.9
com.ichi2.themes.Themes,8,0,0,18,20,28,13,5,8,1.1429,212,0.0000,0,0.0000,0.3750,0,0,24.6250,0,2.9
com.ichi2.anki.dialogs.n1,2,0,0,3,4,0,1,3,2,0.0000,15,1.0000,1,0.0000,0.6250,0,0,6.0000,0,2.9
com.ichi2.anki.dialogs.n0,2,0,0,4,4,0,1,4,2,0.0000,15,1.0000,1,0.0000,0.6250,0,0,6.0000,0,2.9
com.ichi2.libanki.LaTeX,6,0,0,7,24,13,2,6,3,0.8000,209,0.0000,0,0.0000,0.3600,0,0,33.3333,0,2.9
com.ichi2.anki.Preferences,44,0,0,78,237,938,14,77,17,0.9709,2115,0.7500,0,0.0000,0.1327,0,0,46.9773,0,2.9
com.ichi2.anki.g0,2,0,0,3,4,0,1,3,2,0.0000,14,1.0000,1,0.0000,0.6667,0,0,5.5000,0,2.9
com.ichi2.anki.g1,2,0,0,2,4,0,1,2,2,0.0000,19,1.0000,1,0.0000,0.6667,0,0,7.5000,0,2.9
com.ichi2.anki.VideoPlayer,7,0,0,12,26,9,0,12,6,0.6667,82,0.0000,1,0.0000,0.3714,0,0,10.2857,0,2.9
com.ichi2.libanki.sync.FullSyncer,4,0,0,17,51,0,1,17,4,0.3333,415,1.0000,2,0.0000,0.4375,0,0,102.2500,0,2.9
com.ichi2.compat.CompatV23,4,0,1,5,9,6,2,3,4,2.0000,20,0.0000,0,0.0000,0.6667,0,0,4.0000,0,2.9
com.ichi2.compat.CompatV24,2,0,1,6,4,1,2,4,2,2.0000,9,0.0000,0,0.0000,0.7500,0,0,3.5000,0,2.9
com.ichi2.anki.AbstractFlashcardViewer,154,0,2,137,529,10491,17,132,17,0.9727,5244,0.9247,6,0.0000,0.0668,0,0,32.1039,0,2.9
com.ichi2.anki.dialogs.DialogHandler,5,0,0,22,41,4,4,20,4,1.1346,346,0.0769,0,0.0000,0.5000,0,0,65.6000,0,2.9
com.ichi2.anki.dialogs.m1,2,0,0,1,4,0,0,1,2,0.0000,17,1.0000,0,0.0000,0.6667,0,0,7.0000,0,2.9
com.ichi2.anki.dialogs.m0,3,0,0,3,5,3,1,3,1,1.0000,15,0.0000,1,0.0000,0.7500,0,0,3.6667,0,2.9
com.ichi2.compat.CompatV21,6,0,1,14,20,15,2,12,6,2.0000,58,0.0000,0,0.0000,0.3333,0,0,8.6667,0,2.9
com.ichi2.anki.multimediacard.fields.AudioRecordingField,7,0,0,6,9,21,3,3,7,1.1667,30,1.0000,0,0.0000,0.4286,0,0,3.1429,0,2.9
com.ichi2.libanki.Decks,74,0,0,44,189,2315,32,15,61,0.8373,2549,0.6250,1,0.0000,0.1849,0,0,33.3378,0,2.9
com.ichi2.compat.CompatV26,5,0,0,9,17,10,1,8,5,2.0000,75,0.0000,0,0.0000,0.4333,0,0,14.0000,0,2.9
com.ichi2.libanki.a,2,0,0,2,4,0,1,2,2,0.0000,15,1.0000,1,0.0000,0.6667,0,0,6.0000,0,2.9
com.ichi2.anki.UIUtils,11,0,0,38,38,55,19,19,11,2.0000,197,0.0000,0,0.0000,0.3364,0,0,16.9091,0,2.9
com.ichi2.libanki.DeckConfig,3,0,0,2,8,3,1,1,3,2.0000,45,0.0000,0,0.0000,0.4444,0,0,14.0000,0,2.9
com.ichi2.anki.h1,2,0,0,4,4,0,0,4,2,0.0000,26,1.0000,1,0.0000,0.6000,0,0,10.5000,0,2.9
com.ichi2.libanki.k,2,0,0,2,4,0,1,2,2,0.0000,15,1.0000,1,0.0000,0.6667,0,0,6.0000,0,2.9
com.ichi2.libanki.j,2,0,0,2,4,0,1,2,2,0.0000,15,1.0000,1,0.0000,0.6667,0,0,6.0000,0,2.9
com.ichi2.libanki.m,2,0,0,2,4,0,1,2,2,0.0000,15,1.0000,1,0.0000,0.6667,0,0,6.0000,0,2.9
com.ichi2.libanki.l,2,0,0,2,4,0,1,2,2,0.0000,15,1.0000,1,0.0000,0.6667,0,0,6.0000,0,2.9
com.ichi2.libanki.o,2,0,0,2,4,0,1,2,2,0.0000,31,1.0000,1,0.0000,0.6000,0,0,12.5000,0,2.9
com.ichi2.libanki.n,2,0,0,3,4,0,1,3,2,0.0000,21,1.0000,1,0.0000,0.6250,0,0,8.5000,0,2.9
com.ichi2.libanki.q,2,0,0,2,4,0,1,2,2,0.0000,15,1.0000,1,0.0000,0.6667,0,0,6.0000,0,2.9
com.ichi2.libanki.p,2,0,0,2,4,0,1,2,2,0.0000,15,1.0000,1,0.0000,0.6667,0,0,6.0000,0,2.9
com.ichi2.libanki.c,2,0,0,2,4,0,1,2,2,0.0000,15,1.0000,1,0.0000,0.6667,0,0,6.0000,0,2.9
com.ichi2.libanki.b,2,0,0,2,4,0,1,2,2,0.0000,15,1.0000,1,0.0000,0.6667,0,0,6.0000,0,2.9
com.ichi2.libanki.e,2,0,0,3,4,0,1,3,2,0.0000,21,1.0000,1,0.0000,0.6250,0,0,8.5000,0,2.9
com.ichi2.libanki.d,2,0,0,2,4,0,1,2,2,0.0000,15,1.0000,1,0.0000,0.6667,0,0,6.0000,0,2.9
com.ichi2.anki.dialogs.l1,2,0,0,3,4,0,0,3,2,0.0000,14,1.0000,0,0.0000,0.6667,0,0,5.5000,0,2.9
com.ichi2.libanki.g,2,0,0,2,4,0,1,2,2,0.0000,15,1.0000,1,0.0000,0.6667,0,0,6.0000,0,2.9
com.ichi2.anki.dialogs.l0,2,0,0,4,4,0,1,4,2,0.0000,23,1.0000,1,0.0000,0.5714,0,0,9.5000,0,2.9
com.ichi2.libanki.f,2,0,0,2,4,0,1,2,2,0.0000,15,1.0000,1,0.0000,0.6667,0,0,6.0000,0,2.9
com.ichi2.libanki.i,2,0,0,3,4,0,1,3,2,0.0000,27,1.0000,1,0.0000,0.6000,0,0,11.0000,0,2.9
com.ichi2.anki.h0,2,0,0,4,4,0,1,4,2,0.0000,15,1.0000,1,0.0000,0.6250,0,0,6.0000,0,2.9
com.ichi2.anki.widgets.PopupMenuWithIcons,1,0,0,3,13,0,0,3,1,2.0000,65,0.0000,0,0.0000,1.0000,0,0,64.0000,0,2.9
com.ichi2.libanki.h,2,0,0,2,4,0,1,2,2,0.0000,15,1.0000,1,0.0000,0.6667,0,0,6.0000,0,2.9
com.ichi2.compat.CompatV19,7,0,1,18,27,21,2,17,3,1.1667,91,1.0000,0,0.0000,0.3714,0,0,11.7143,0,2.9
com.ichi2.compat.customtabs.CustomTabsFallback,2,0,0,6,5,1,2,4,2,2.0000,13,0.0000,0,0.0000,0.6667,0,0,5.5000,0,2.9
com.ichi2.anki.dialogs.DeckPickerContextMenu,5,0,0,17,39,8,0,17,3,1.1667,227,1.0000,0,0.0000,0.4000,0,0,42.6000,0,2.9
com.ichi2.anki.AnkiDroidApp,22,0,0,81,80,181,53,32,17,0.9796,413,0.2857,1,0.0000,0.1497,0,0,17.1364,0,2.9
com.ichi2.compat.CompatV15,26,0,2,30,71,325,3,27,25,1.0400,275,1.0000,0,0.0000,0.1173,0,0,9.5385,0,2.9
com.ichi2.compat.CompatV16,7,0,1,31,39,21,2,29,7,2.0000,274,0.0000,0,0.0000,0.2698,0,0,38.1429,0,2.9
com.ichi2.compat.CompatV17,2,0,1,5,5,1,2,3,2,2.0000,12,0.0000,0,0.0000,0.6667,0,0,5.0000,0,2.9
com.ichi2.compat.CompatV18,3,0,1,5,6,3,2,3,3,2.0000,12,0.0000,0,0.0000,0.8333,0,0,3.0000,0,2.9
com.ichi2.libanki.s,3,0,0,2,5,3,1,2,1,1.0000,18,0.0000,1,0.0000,0.7500,0,0,4.6667,0,2.9
com.ichi2.libanki.r,2,0,0,2,4,0,1,2,2,0.0000,15,1.0000,1,0.0000,0.6667,0,0,6.0000,0,2.9
com.ichi2.libanki.u,3,0,0,2,5,3,1,2,1,1.0000,15,0.0000,1,0.0000,0.7500,0,0,3.6667,0,2.9
com.ichi2.libanki.t,2,0,0,4,4,0,1,4,2,0.0000,16,1.0000,0,0.0000,0.6250,0,0,6.5000,0,2.9
com.ichi2.libanki.w,3,0,0,1,5,3,1,1,1,1.0000,15,0.0000,1,0.0000,0.7500,0,0,3.6667,0,2.9
com.ichi2.libanki.v,2,0,0,3,4,0,1,3,2,0.0000,14,1.0000,1,0.0000,0.6667,0,0,5.5000,0,2.9
com.ichi2.libanki.sync.RemoteServer,13,0,0,9,32,78,1,9,10,2.0000,217,0.0000,0,0.0000,0.4615,0,0,15.6923,0,2.9
com.ichi2.anki.dialogs.k1,2,0,0,3,4,0,1,3,2,0.0000,15,1.0000,1,0.0000,0.6250,0,0,6.0000,0,2.9
com.ichi2.anki.R,1,0,0,0,2,0,0,0,1,2.0000,4,0.0000,0,0.0000,1.0000,0,0,3.0000,0,2.9
com.ichi2.anki.StudyOptionsFragment,51,0,0,46,149,1145,2,45,10,0.9519,1151,1.0000,0,0.0000,0.1160,0,0,21.0392,0,2.9
com.ichi2.anki.dialogs.k0,2,0,0,4,4,0,1,4,2,0.0000,15,1.0000,1,0.0000,0.6250,0,0,6.0000,0,2.9
com.ichi2.anki.services.BootService,5,0,0,16,35,10,2,14,3,1.0000,197,1.0000,0,0.0000,0.5833,0,0,38.2000,0,2.9
com.ichi2.anki.i0,2,0,0,3,4,0,1,3,2,0.0000,14,1.0000,1,0.0000,0.6667,0,0,5.5000,0,2.9
com.ichi2.anki.i1,2,0,0,3,4,0,1,3,2,0.0000,26,1.0000,1,0.0000,0.6000,0,0,10.5000,0,2.9
com.ichi2.anki.multimediacard.activity.PickStringDialogFragment,5,0,0,13,12,4,2,11,5,0.7500,50,1.0000,0,0.0000,0.3600,0,0,8.4000,0,2.9
com.ichi2.anki.z,2,0,0,2,4,0,1,2,2,0.0000,13,1.0000,1,0.0000,0.7500,0,0,5.0000,0,2.9
com.ichi2.anki.y,2,0,0,2,4,0,1,2,2,0.0000,13,1.0000,1,0.0000,0.7500,0,0,5.0000,0,2.9
com.ichi2.anki.x,2,0,0,4,4,0,1,4,2,0.0000,15,1.0000,1,0.0000,0.6250,0,0,6.0000,0,2.9
com.ichi2.anki.dialogs.j1,3,0,0,3,5,3,1,3,1,1.0000,20,0.0000,1,0.0000,0.6250,0,0,5.3333,0,2.9
com.ichi2.anki.w,2,0,0,3,4,0,1,3,2,0.0000,14,1.0000,1,0.0000,0.6667,0,0,5.5000,0,2.9
com.ichi2.anki.dialogs.j0,2,0,0,4,4,0,1,4,2,0.0000,15,1.0000,1,0.0000,0.6250,0,0,6.0000,0,2.9
com.ichi2.anki.web.a,3,0,0,4,5,3,1,4,1,1.0000,15,0.0000,1,0.0000,0.7500,0,0,3.6667,0,2.9
com.ichi2.anki.q,2,0,0,4,4,0,1,4,2,0.0000,15,1.0000,1,0.0000,0.6250,0,0,6.0000,0,2.9
com.ichi2.anki.p,2,0,0,4,4,0,0,4,2,0.0000,15,1.0000,0,0.0000,0.6250,0,0,6.0000,0,2.9
com.ichi2.anki.o,2,0,0,4,4,0,1,4,2,0.0000,15,1.0000,1,0.0000,0.6250,0,0,6.0000,0,2.9
com.ichi2.anki.services.ReminderService,3,0,0,19,46,3,0,19,2,1.5000,204,0.0000,0,0.0000,0.5333,0,0,66.6667,0,2.9
com.ichi2.anki.v,2,0,0,5,4,0,1,5,2,0.0000,33,1.0000,1,0.0000,0.5714,0,0,13.5000,0,2.9
com.ichi2.anki.j0,2,0,0,4,4,0,1,4,2,0.0000,15,1.0000,1,0.0000,0.6250,0,0,6.0000,0,2.9
com.ichi2.anki.u,2,0,0,4,4,0,1,4,2,0.0000,15,1.0000,1,0.0000,0.6250,0,0,6.0000,0,2.9
com.ichi2.anki.t,2,0,0,1,4,0,0,1,2,0.0000,19,1.0000,0,0.0000,0.6667,0,0,7.5000,0,2.9
com.ichi2.anki.j1,2,0,0,4,4,0,1,4,2,0.0000,15,1.0000,1,0.0000,0.6250,0,0,6.0000,0,2.9
com.ichi2.anki.s,2,0,0,4,4,0,0,4,2,0.0000,15,1.0000,0,0.0000,0.6250,0,0,6.0000,0,2.9
com.ichi2.anki.j,2,0,0,3,4,0,1,3,2,0.0000,15,1.0000,0,0.0000,0.6667,0,0,6.0000,0,2.9
com.ichi2.anki.i,2,0,0,3,4,0,1,3,2,0.0000,15,1.0000,0,0.0000,0.6667,0,0,6.0000,0,2.9
com.ichi2.anki.h,2,0,0,4,4,0,1,4,2,0.0000,15,1.0000,0,0.0000,0.6667,0,0,6.0000,0,2.9
com.ichi2.anki.g,2,0,0,4,4,0,1,4,2,0.0000,15,1.0000,0,0.0000,0.6667,0,0,6.0000,0,2.9
com.ichi2.anki.n,2,0,0,1,4,0,1,1,2,0.0000,13,1.0000,1,0.0000,0.7500,0,0,5.0000,0,2.9
com.ichi2.anki.m,2,0,0,3,4,0,1,3,2,0.0000,14,1.0000,1,0.0000,0.6667,0,0,5.5000,0,2.9
com.ichi2.anki.l,2,0,0,4,4,0,1,4,2,0.0000,15,1.0000,0,0.0000,0.6667,0,0,6.0000,0,2.9
com.ichi2.anki.k,2,0,0,4,4,0,1,4,2,0.0000,15,1.0000,1,0.0000,0.6250,0,0,6.0000,0,2.9
com.ichi2.anki.b,2,0,0,4,4,0,0,4,2,0.0000,15,1.0000,0,0.0000,0.6250,0,0,6.0000,0,2.9
com.ichi2.anki.a,3,0,0,2,5,3,1,2,1,1.0000,14,0.0000,1,0.0000,1.0000,0,0,3.3333,0,2.9
com.ichi2.anki.f,2,0,0,3,4,0,1,3,2,0.0000,21,1.0000,1,0.0000,0.6250,0,0,8.5000,0,2.9
com.ichi2.anki.e,2,0,0,3,4,0,1,3,2,0.0000,21,1.0000,1,0.0000,0.6250,0,0,8.5000,0,2.9
com.ichi2.anki.d,2,0,0,3,4,0,1,3,2,0.0000,15,1.0000,0,0.0000,0.6667,0,0,6.0000,0,2.9
com.ichi2.anki.api.Utils,10,0,0,5,45,39,2,3,0,0.7556,203,1.0000,0,0.0000,0.2500,0,0,18.8000,0,2.9
com.ichi2.anki.dialogs.CardBrowserOrderDialog,3,0,0,12,25,1,1,11,3,0.5000,126,1.0000,0,0.0000,0.4000,0,0,40.6667,0,2.9
com.ichi2.anki.c,2,0,0,4,4,0,0,4,2,0.0000,15,1.0000,0,0.0000,0.6667,0,0,6.0000,0,2.9
com.ichi2.anki.dialogs.i1,2,0,0,3,4,0,1,3,2,0.0000,14,1.0000,1,0.0000,0.6667,0,0,5.5000,0,2.9
com.ichi2.anki.dialogs.i0,2,0,0,4,4,0,1,4,2,0.0000,15,1.0000,1,0.0000,0.6250,0,0,6.0000,0,2.9
com.ichi2.anki.c0,2,0,0,4,4,0,1,4,2,0.0000,20,1.0000,1,0.0000,0.6250,0,0,8.0000,0,2.9
com.ichi2.anki.multimediacard.activity.MultimediaEditFieldActivity,23,0,0,36,92,157,6,31,5,0.8531,668,0.6154,3,0.0000,0.1237,0,0,27.4783,0,2.9
com.ichi2.anki.c1,2,0,0,3,4,0,1,3,2,0.0000,14,1.0000,1,0.0000,0.6667,0,0,5.5000,0,2.9
com.ichi2.anki.dialogs.ConfirmationDialog,9,0,0,22,32,24,8,16,9,0.7500,123,1.0000,0,0.0000,0.3519,0,0,12.4444,0,2.9
com.ichi2.anki.Whiteboard,23,0,0,25,84,149,2,24,6,0.7886,701,1.0000,0,0.0000,0.1739,0,0,28.6087,0,2.9
com.ichi2.anki.multimediacard.fields.EFieldType,4,0,0,12,7,4,11,1,2,0.9333,67,0.2000,5,0.0000,0.4444,0,0,14.5000,0,2.9
com.ichi2.anki.dialogs.h1,2,0,0,4,4,0,1,4,2,0.0000,15,1.0000,1,0.0000,0.6250,0,0,6.0000,0,2.9
com.ichi2.anki.dialogs.h0,2,0,0,4,4,0,1,4,2,0.0000,15,1.0000,1,0.0000,0.6250,0,0,6.0000,0,2.9
com.ichi2.anki.d0,2,0,0,4,4,0,1,4,2,0.0000,15,1.0000,1,0.0000,0.6250,0,0,6.0000,0,2.9
com.ichi2.libanki.hooks.Leech,2,0,0,3,5,1,1,3,2,2.0000,13,0.0000,0,0.0000,0.7500,0,0,5.5000,0,2.9
com.ichi2.anki.d1,2,0,0,3,4,0,1,3,2,0.0000,14,1.0000,1,0.0000,0.6667,0,0,5.5000,0,2.9
com.ichi2.anki.reviewer.CustomFontsReviewerExt,8,0,0,8,30,26,1,7,2,0.8571,247,1.0000,0,0.0000,0.5000,0,0,29.2500,0,2.9
com.ichi2.anki.dialogs.DatabaseErrorDialog,25,0,0,34,112,296,15,34,22,1.0104,916,0.1667,0,0.0000,0.3452,0,0,35.1600,0,2.9
com.ichi2.anki.dialogs.ModelEditorContextMenu,3,0,0,12,18,1,1,11,3,1.3000,88,0.2000,0,0.0000,0.4167,0,0,26.6667,0,2.9
com.ichi2.anki.CollectionHelper,16,0,0,43,42,108,30,15,15,0.9167,304,0.7500,1,0.0000,0.2813,0,0,17.7500,0,2.9
com.ichi2.anki.StudyOptionsActivity,14,0,0,22,49,91,0,22,9,2.0000,160,0.0000,0,0.0000,0.2714,0,0,10.4286,0,2.9
com.ichi2.anki.Statistics,18,0,0,36,83,107,0,36,9,0.9412,477,0.4375,1,0.0000,0.1736,0,0,24.6111,0,2.9
com.ichi2.anki.MetaDB,21,0,0,11,59,0,4,7,16,0.9143,1316,0.5714,0,0.0000,0.2250,0,0,61.3333,0,2.9
com.ichi2.libanki.Note,39,0,0,25,112,345,14,13,35,0.8211,957,0.9333,1,0.0000,0.1941,0,0,23.1538,0,2.9
com.ichi2.anki.dialogs.g0,2,0,0,3,4,0,1,3,2,0.0000,14,1.0000,1,0.0000,0.6667,0,0,5.5000,0,2.9
com.ichi2.anki.e0,2,0,0,3,4,0,1,3,2,0.0000,14,1.0000,1,0.0000,0.6667,0,0,5.5000,0,2.9
com.ichi2.anki.e1,2,0,0,3,4,0,1,3,2,0.0000,14,1.0000,1,0.0000,0.6667,0,0,5.5000,0,2.9
com.ichi2.anki.dialogs.g1,2,0,0,4,4,0,1,4,2,0.0000,15,1.0000,1,0.0000,0.6250,0,0,6.0000,0,2.9
com.ichi2.preferences.TimePreference,7,0,0,7,28,11,0,7,3,0.7917,133,0.7500,0,0.0000,0.2653,0,0,17.4286,0,2.9
com.ichi2.anki.dialogs.ContextMenuHelper,3,0,0,2,9,3,2,0,3,2.0000,58,0.0000,0,0.0000,0.3333,0,0,18.3333,0,2.9
com.ichi2.anki.NotificationChannels,4,0,0,11,11,6,5,6,3,2.0000,92,0.0000,0,0.0000,0.3125,0,0,22.0000,0,2.9
com.ichi2.libanki.Utils,56,0,0,59,200,1530,41,20,48,0.9957,2064,0.8824,0,0.0000,0.0545,0,0,35.5536,0,2.9
com.ichi2.libanki.Sound,25,0,0,30,105,192,5,29,15,0.8715,789,0.6667,0,0.0000,0.2031,0,0,30.0800,0,2.9
com.ichi2.anki.f0,2,0,0,3,4,0,1,3,2,0.0000,14,1.0000,1,0.0000,0.6667,0,0,5.5000,0,2.9
com.ichi2.anki.f1,2,0,0,4,4,0,1,4,2,0.0000,21,1.0000,1,0.0000,0.6000,0,0,8.5000,0,2.9
com.ichi2.anki.dialogs.f1,2,0,0,4,4,0,1,4,2,0.0000,15,1.0000,1,0.0000,0.6250,0,0,6.0000,0,2.9
com.ichi2.anki.dialogs.f0,2,0,0,4,4,0,1,4,2,0.0000,15,1.0000,1,0.0000,0.6250,0,0,6.0000,0,2.9
com.ichi2.libanki.ZipFile,5,0,0,1,21,4,1,0,4,0.5000,93,1.0000,0,0.0000,0.5000,0,0,17.2000,0,2.9
com.ichi2.anki.ReadText,21,0,0,17,83,108,2,15,9,0.8250,629,0.7000,0,0.0000,0.1800,0,0,28.4762,0,2.9
